PK;NOMBRE;DESCRIPCION-ENTIDAD;HORARIO;EQUIPAMIENTO;TRANSPORTE;DESCRIPCION;ACCESIBILIDAD;CONTENT-URL;NOMBRE-VIA;CLASE-VIAL;TIPO-NUM;NUM;PLANTA;PUERTA;ESCALERAS;ORIENTACION;LOCALIDAD;PROVINCIA;CODIGO-POSTAL;COD-BARRIO;BARRIO;COD-DISTRITO;DISTRITO;COORDENADA-X;COORDENADA-Y;LATITUD;LONGITUD;TELEFONO;FAX;EMAIL;TIPO
12301032;"Mercadillo de Navidad del Bulevar de Peña Gorbea";"";"Lunes a domingo, del 4 de diciembre al 7 de enero.";"Puestos: 19   Más información";"Metro: Nueva Numancia (línea 1).";"";"1";"http://www.madrid.es/sites/v/index.jsp?vgnextchannel=bfa48ab43d6bb410VgnVCM100000171f5a0aRCRD&vgnextoid=3fe00a49715ed810VgnVCM2000001f4a900aRCRD";"PEÑA GORBEA";"CALLE";"V";"";"";"";"";"";"MADRID";"MADRID";"";"";"";"";"DISTRITO";"443294";"4471941";"40.396147449038054";"-3.6681879961411212";"";"";"";"/contenido/entidadesYorganismos/Comercios/MercadillosViaPublica"
11926645;"Mercadillo de las Artes (Distrito Centro)";"";"Sábados.";"Puestos: 20.   Más información";"Metro: Tribunal (líneas 1, 10), Bilbao (líneas 1, 4), Noviciado (línea 2), San Bernardo (líneas 2, 4)";"";"1";"http://www.madrid.es/sites/v/index.jsp?vgnextchannel=bfa48ab43d6bb410VgnVCM100000171f5a0aRCRD&vgnextoid=8ea6ceb45fa36810VgnVCM1000001d4a900aRCRD";"DOS DE MAYO";"PLAZA";"V";"1";"";"";"";"";"MADRID";"MADRID";"28004";"5";"UNIVERSIDAD";"1";"CENTRO";"440242";"4475354";"40.426680736940675";"-3.704464811057942";"";"";"";"/contenido/entidadesYorganismos/Comercios/MercadillosViaPublica"
12300676;"Mercadillo de pinos, abetos y otros elementos vegetales de carácter ornamental navideño";"";"24 de noviembre a 25 de diciembre.";"Puestos: 21   Más información";"Metro: Sol (líneas 1, 2, 3),  Ópera (línea 2, 5, Ramal).  Cercanías Renfe: Sol (líneas línea 1, C3, C4).";"";"1";"http://www.madrid.es/sites/v/index.jsp?vgnextchannel=bfa48ab43d6bb410VgnVCM100000171f5a0aRCRD&vgnextoid=b283f4c9594ed810VgnVCM1000001d4a900aRCRD";"MAYOR";"PLAZA";"V";"1";"";"";"";"";"MADRID";"MADRID";"28012";"6";"SOL";"1";"CENTRO";"440048";"4474064";"40.41504353587664";"-3.706628270874422";"";"";"";"/contenido/entidadesYorganismos/Comercios/MercadillosViaPublica"
19530;"Mercadillo en la vía pública Ciudad de los Ángeles (Distrito Villaverde)";"";"Jueves, de 9 a 14 horas.";"Alimentación, textil y calzado, otros. Puestos: 105.   Más información";"Metro: Villaverde Bajo-Cruce (línea 3).";"";"0";"http://www.madrid.es/sites/v/index.jsp?vgnextchannel=bfa48ab43d6bb410VgnVCM100000171f5a0aRCRD&vgnextoid=383092355c51c010VgnVCM2000000c205a0aRCRD";"GIGANTES Y CABEZUDOS";"PASEO";"V";"2";"";"";"";"";"MADRID";"MADRID";"28041";"5";"LOS ANGELES";"17";"VILLAVERDE";"441061";"4468040";"40.360850713306675";"-3.6941348502739437";"";"";"";"/contenido/entidadesYorganismos/Comercios/MercadillosViaPublica"
11845382;"Mercadillo en la vía pública San Fermín (Distrito Usera)";"";"Martes, de 9 a 14 horas.";"Puestos: 45.   Más información";"Consulta los siguientes enlaces";"";"1";"http://www.madrid.es/sites/v/index.jsp?vgnextchannel=bfa48ab43d6bb410VgnVCM100000171f5a0aRCRD&vgnextoid=0088e3fdb9664810VgnVCM1000001d4a900aRCRD";"PERALES";"CAMINO";"V";"23";"";"";"";"";"MADRID";"MADRID";"28041";"3";"SAN FERMIN";"12";"USERA";"441823";"4468948";"40.3690829380518";"-3.6852444414433685";"";"";"";"/contenido/entidadesYorganismos/Comercios/MercadillosViaPublica"
19487;"Mercadillo en la vía pública UVA Hortaleza (Distrito Hortaleza)";"";"Domingos, de 9 a 14 horas.";"Puestos: 104.   Más información";"Metro: Hortaleza (línea 4).";"";"1";"http://www.madrid.es/sites/v/index.jsp?vgnextchannel=bfa48ab43d6bb410VgnVCM100000171f5a0aRCRD&vgnextoid=f75f92355c51c010VgnVCM2000000c205a0aRCRD";"ESTACION DE HORTALEZA";"CARRETERA";"V";"";"";"";"";"";"MADRID";"MADRID";"";"";"";"";"DISTRITO";"444260";"4480310";"40.47160076727645";"-3.6575347709464174";"";"";"";"/contenido/entidadesYorganismos/Comercios/MercadillosViaPublica"
19633;"Mercadillo en la vía pública de Camino de las Cruces (Distrito Carabanchel)";"";"Lunes, de 9 a 14 horas.";"Puestos: 52.   Más información";"Metro: Carabanchel Alto (línea 11).";"";"1";"http://www.madrid.es/sites/v/index.jsp?vgnextchannel=bfa48ab43d6bb410VgnVCM100000171f5a0aRCRD&vgnextoid=65bf92355c51c010VgnVCM2000000c205a0aRCRD";"CRUCES";"CAMINO";"V";"1";"";"";"";"";"MADRID";"MADRID";"28044";"6";"BUENAVISTA";"11";"CARABANCHEL";"435960";"4469671";"40.37517030110398";"-3.754372488956483";"";"";"";"/contenido/entidadesYorganismos/Comercios/MercadillosViaPublica"
19542;"Mercadillo en la vía pública de El Pardo (Distrito Fuencarral - El Pardo)";"";"Viernes, de 9 a 14 horas.";"Puestos: 34.   Más información";"Consulte los siguientes enlaces.";"";"0";"http://www.madrid.es/sites/v/index.jsp?vgnextchannel=bfa48ab43d6bb410VgnVCM100000171f5a0aRCRD&vgnextoid=18cf92355c51c010VgnVCM2000000c205a0aRCRD";"SAN LEANDRO";"CALLE";"V";"2";"";"";"";"";"MADRID";"MADRID";"28048";"1";"EL PARDO";"8";"FUENCARRAL-EL PARDO";"434242";"4485610";"40.518611754917245";"-3.7762542146111637";"";"";"";"/contenido/entidadesYorganismos/Comercios/MercadillosViaPublica"
19629;"Mercadillo en la vía pública de Orcasur (Distrito Usera)";"";"Sábados, de 9 a 14 horas.";"Puestos: 82.   Más información";"Metro: San Fermín (línea 3).  Cercanías Renfe: Orcasitas (línea C5).";"";"1";"http://www.madrid.es/sites/v/index.jsp?vgnextchannel=bfa48ab43d6bb410VgnVCM100000171f5a0aRCRD&vgnextoid=9d5092355c51c010VgnVCM2000000c205a0aRCRD";"ORCASUR";"AVENIDA";"V";"1";"";"";"";"";"MADRID";"MADRID";"28041";"2";"ORCASUR";"12";"USERA";"440524";"4469103";"40.37038369702176";"-3.700562736556573";"";"";"";"/contenido/entidadesYorganismos/Comercios/MercadillosViaPublica"
63209;"Mercadillo en la vía pública de Parque de la Cornisa (Distrito Centro)";"";"Todos los martes y sábados, de 9 a 14 horas.";"Puestos: 85.   Más información";"Metro: Puerta de Toledo (línea 5), Embajadores (línea 3).  Cercanías RENFE: Embajadores (línea C5).";"";"1";"http://www.madrid.es/sites/v/index.jsp?vgnextchannel=bfa48ab43d6bb410VgnVCM100000171f5a0aRCRD&vgnextoid=68f2e7510551c010VgnVCM2000000c205a0aRCRD";"CAMPILLO DEL MUNDO NUEVO";"PLAZA";"V";"";"";"";"";"";"MADRID";"MADRID";"";"";"";"";"DISTRITO";"439915";"4473170";"40.40698278480366";"-3.7081144633220537";"";"";"";"/contenido/entidadesYorganismos/Comercios/MercadillosViaPublica"
19529;"Mercadillo en la vía pública de Rafael Finat (Distrito Latina)";"";"Sábados, de 8:30 a 15 horas.";"Puestos: 77.   Más información";"Metro: Aluche (línea 5).  Cercanías Renfe: Aluche (línea C5), Maestra Justa Freire - Polideportivo Aluche (antigua estación de Fanjul) (línea C5).";"";"0";"http://www.madrid.es/sites/v/index.jsp?vgnextchannel=bfa48ab43d6bb410VgnVCM100000171f5a0aRCRD&vgnextoid=d21092355c51c010VgnVCM2000000c205a0aRCRD";"RAFAEL FINAT";"CALLE";"V";"1";"";"";"";"";"MADRID";"MADRID";"28044";"7";"LAS AGUILAS";"10";"LATINA";"435128";"4470628";"40.38372024380753";"-3.764270270130351";"";"";"";"/contenido/entidadesYorganismos/Comercios/MercadillosViaPublica"
19631;"Mercadillo en la vía pública de Ronda del Sur (Distrito Puente de Vallecas)";"";"Domingos, de 9 a 15 horas.";"Alimentación, bazar, calzado, textiles y otros. Puestos: 275.   Más información";"Cercanías Renfe: El Pozo (líneas C2, C7, C8, Regional).";"";"1";"http://www.madrid.es/sites/v/index.jsp?vgnextchannel=bfa48ab43d6bb410VgnVCM100000171f5a0aRCRD&vgnextoid=407092355c51c010VgnVCM2000000c205a0aRCRD";"SUR";"RONDA";"V";"231";"";"";"";"";"MADRID";"MADRID";"28053";"1";"ENTREVIAS";"13";"PUENTE DE VALLECAS";"442304";"4470116";"40.37963903974854";"-3.6796821404150357";"";"";"";"/contenido/entidadesYorganismos/Comercios/MercadillosViaPublica"
19476;"Mercadillo en la vía pública de San Cristóbal de los Ángeles (Distrito Villaverde)";"";"Jueves, de 9 a 14 horas.";"Alimentación, textil y otros. Puestos: 38.   Más información";"Metro: San Cristóbal (línea 3).  Cercanías Renfe: San Cristóbal de los Ángeles (línea C3).";"";"0";"http://www.madrid.es/sites/v/index.jsp?vgnextchannel=bfa48ab43d6bb410VgnVCM100000171f5a0aRCRD&vgnextoid=a59092355c51c010VgnVCM2000000c205a0aRCRD";"BURJASOT";"CALLE";"V";"";"";"";"";"";"MADRID";"MADRID";"28021";"2";"SAN CRISTOBAL";"17";"VILLAVERDE";"441665";"4466227";"40.34456182361662";"-3.6868604757842385";"";"";"";"/contenido/entidadesYorganismos/Comercios/MercadillosViaPublica"
19536;"Mercadillo en la vía pública de San Restituto (Distrito Moncloa-Aravaca)";"";"Jueves, de 9 a 14 horas.";"Alimentación, textil y calzado, hogar y más. Puestos: 17.   Más información";"Metro: Valdezarza (línea 7).";"";"1";"http://www.madrid.es/sites/v/index.jsp?vgnextchannel=bfa48ab43d6bb410VgnVCM100000171f5a0aRCRD&vgnextoid=58a092355c51c010VgnVCM2000000c205a0aRCRD";"SAN RESTITUTO";"CALLE";"V";"";"";"";"";"";"MADRID";"MADRID";"";"";"";"";"DISTRITO";"439835";"4479524";"40.46421636518234";"-3.7096638531121515";"";"";"";"/contenido/entidadesYorganismos/Comercios/MercadillosViaPublica"
19484;"Mercadillo en la vía pública de Santa Ana (Distrito Fuencarral - El Pardo)";"";"Miércoles, de 9 a 14 horas.";"Puestos: 67.";"Metro: Fuencarral (línea 10).  Bus: 66, 137.";"";"0";"http://www.madrid.es/sites/v/index.jsp?vgnextchannel=bfa48ab43d6bb410VgnVCM100000171f5a0aRCRD&vgnextoid=0bb092355c51c010VgnVCM2000000c205a0aRCRD";"SAN CUGAT DEL VALLES";"CALLE";"V";"";"";"";"";"";"MADRID";"MADRID";"28034";"6";"VALVERDE";"8";"FUENCARRAL-EL PARDO";"441081";"4483142";"40.496893825424046";"-3.6953071080027495";"";"";"";"/contenido/entidadesYorganismos/Comercios/MercadillosViaPublica"
19491;"Mercadillo en la vía pública de Villaverde Alto";"";"Sábados, de 9 a 14 horas.";"Puestos: 58.   Más información";"Consulta los siguientes enlaces";"";"0";"http://www.madrid.es/sites/v/index.jsp?vgnextchannel=bfa48ab43d6bb410VgnVCM100000171f5a0aRCRD&vgnextoid=c50192355c51c010VgnVCM2000000c205a0aRCRD";"FERROVIARIOS";"PASEO";"V";"";"";"";"";"";"MADRID";"MADRID";"28021";"1";"VILLAVERDE ALTO C.H.";"17";"VILLAVERDE";"439204";"4466561";"40.34739517589523";"-3.7158656504759695";"";"";"";"/contenido/entidadesYorganismos/Comercios/MercadillosViaPublica"
19489;"Mercadillo en la vía pública de Vía Lusitana (Distrito Carabanchel)";"";"Jueves, de 9 a 14 horas.";"Puestos: 150.   Más información";"Metro: Abrantes (línea 11), Plaza Elíptica (líneas 6, 11), Opañel (línea 6).";"";"1";"http://www.madrid.es/sites/v/index.jsp?vgnextchannel=bfa48ab43d6bb410VgnVCM100000171f5a0aRCRD&vgnextoid=13f092355c51c010VgnVCM2000000c205a0aRCRD";"VIA LUSITANA";"CALLE";"V";"1";"";"";"";"";"MADRID";"MADRID";"28025";"7";"ABRANTES";"11";"CARABANCHEL";"438832";"4470553";"40.383324557147205";"-3.720633039981772";"";"";"";"/contenido/entidadesYorganismos/Comercios/MercadillosViaPublica"
19548;"Mercadillo en la vía pública de avenida de Asturias (Distrito Tetuán)";"";"Domingos y festivos, de 9 a 14 horas.";"Puestos: 256.   Más información";"Metro: Plaza de Castilla (líneas 1, 9, 10).";"";"0";"http://www.madrid.es/sites/v/index.jsp?vgnextchannel=bfa48ab43d6bb410VgnVCM100000171f5a0aRCRD&vgnextoid=ea4092355c51c010VgnVCM2000000c205a0aRCRD";"ASTURIAS";"AVENIDA";"V";"1";"";"";"";"";"MADRID";"MADRID";"28029";"4";"ALMENARA";"6";"TETUAN";"441434";"4479766";"40.4665101915212";"-3.6908289876552676";"";"";"";"/contenido/entidadesYorganismos/Comercios/MercadillosViaPublica"
21200;"Mercadillo en la vía pública de avenida de Felipe II (Distrito Salamanca)";"Mercadillo fijo de productos artesanía y ropa.";"Anual.";"Puestos: 19.   Más información";"Metro: Goya (líneas 2 y 4).";"";"1";"http://www.madrid.es/sites/v/index.jsp?vgnextchannel=bfa48ab43d6bb410VgnVCM100000171f5a0aRCRD&vgnextoid=009f92355c51c010VgnVCM2000000c205a0aRCRD";"FELIPE II";"AVENIDA";"V";"1";"";"";"";"";"MADRID";"MADRID";"28009";"2";"GOYA";"4";"SALAMANCA";"442640";"4475071";"40.424300029319404";"-3.6761717960281786";"";"";"";"/contenido/entidadesYorganismos/Comercios/MercadillosViaPublica"
19732;"Mercadillo en la vía pública de la calle Alcorisa - camino Silvano (Distrito Hortaleza)";"";"Martes, de 9 a 14 horas.";"Puestos: 100.   Más información";"Metro: Canillas (línea 4).";"";"0";"http://www.madrid.es/sites/v/index.jsp?vgnextchannel=bfa48ab43d6bb410VgnVCM100000171f5a0aRCRD&vgnextoid=cadf92355c51c010VgnVCM2000000c205a0aRCRD";"ALCORISA";"CALLE";"V";"";"";"";"";"";"MADRID";"MADRID";"28043";"3";"CANILLAS";"16";"HORTALEZA";"445644";"4479483";"40.46424350893117";"-3.6411429579620926";"";"";"";"/contenido/entidadesYorganismos/Comercios/MercadillosViaPublica"
19734;"Mercadillo en la vía pública de la calle Aragoneses (Distrito Puente Vallecas)";"";"Lunes, de 9 a 14 horas.";"Alimentación, bazar, calzado, textiles y otros. Puestos: 67.   Más información";"Consulta los siguientes enlaces";"";"1";"http://www.madrid.es/sites/v/index.jsp?vgnextchannel=bfa48ab43d6bb410VgnVCM100000171f5a0aRCRD&vgnextoid=aa6f92355c51c010VgnVCM2000000c205a0aRCRD";"ARAGONESES";"CALLE";"V";"4";"";"";"";"";"MADRID";"MADRID";"28018";"4";"PALOMERAS SURESTE";"13";"PUENTE DE VALLECAS";"445342";"4470394";"40.38235094929961";"-3.6439183252603784";"";"";"";"/contenido/entidadesYorganismos/Comercios/MercadillosViaPublica"
19731;"Mercadillo en la vía pública de la calle Ayerbe (Distrito Barajas)";"";"Sábados, de 9 a 14 horas.";"Puestos: 94.   Más información";"Consulta los siguientes enlaces";"";"0";"http://www.madrid.es/sites/v/index.jsp?vgnextchannel=bfa48ab43d6bb410VgnVCM100000171f5a0aRCRD&vgnextoid=b2af92355c51c010VgnVCM2000000c205a0aRCRD";"AYERBE";"CALLE";"V";"";"";"";"";"";"MADRID";"MADRID";"28042";"3";"CASCO H.BARAJAS";"21";"BARAJAS";"450713";"4479883";"40.468162512600905";"-3.581382058279795";"";"";"";"/contenido/entidadesYorganismos/Comercios/MercadillosViaPublica"
19549;"Mercadillo en la vía pública de la calle Fontarrón (Distrito Puente de Vallecas)";"";"Jueves, de 9 a 14 horas.";"Alimentación, bazar, calzado, textiles y otros. Puestos: 79.   Más información";"Consulta los siguientes enlaces";"";"1";"http://www.madrid.es/sites/v/index.jsp?vgnextchannel=bfa48ab43d6bb410VgnVCM100000171f5a0aRCRD&vgnextoid=7def92355c51c010VgnVCM2000000c205a0aRCRD";"RAMON PEREZ DE AYALA";"CALLE";"V";"116";"";"";"";"";"MADRID";"MADRID";"28038";"6";"NUMANCIA";"13";"PUENTE DE VALLECAS";"444673";"4472216";"40.39871676300231";"-3.651962084808092";"";"";"";"/contenido/entidadesYorganismos/Comercios/MercadillosViaPublica"
19547;"Mercadillo en la vía pública de la calle Gandhi (Distrito Ciudad Lineal)";"";"Viernes, de 9 a 14 horas.";"Textil, alimentación y otros. Puestos: 60.   Más información";"Metro: García Noblejas (línea 7), La Almudena (línea 2).";"";"0";"http://www.madrid.es/sites/v/index.jsp?vgnextchannel=bfa48ab43d6bb410VgnVCM100000171f5a0aRCRD&vgnextoid=200092355c51c010VgnVCM2000000c205a0aRCRD";"GANDHI";"CALLE";"V";"";"";"";"";"";"MADRID";"MADRID";"28017";"2";"PUEBLO NUEVO";"15";"CIUDAD LINEAL";"445951";"4475056";"40.42438983238803";"-3.637139601842289";"";"";"";"/contenido/entidadesYorganismos/Comercios/MercadillosViaPublica"
19736;"Mercadillo en la vía pública de la calle Gorrión (Distrito Carabanchel)";"";"Lunes, de 9 a 14 horas.";"Puestos: 18.   Más información";"Metro: Urgel (línea 5).";"";"0";"http://www.madrid.es/sites/v/index.jsp?vgnextchannel=bfa48ab43d6bb410VgnVCM100000171f5a0aRCRD&vgnextoid=852092355c51c010VgnVCM2000000c205a0aRCRD";"GORRION";"CALLE";"V";"1";"";"";"";"";"MADRID";"MADRID";"28019";"3";"SAN ISIDRO";"11";"CARABANCHEL";"438263";"4471959";"40.39595508351779";"-3.7274705077297305";"";"";"";"/contenido/entidadesYorganismos/Comercios/MercadillosViaPublica"
19531;"Mercadillo en la vía pública de la calle San Román del Valle (Distrito San Blas - Canillejas)";"";"Martes, de 9 a 14 horas.";"Alimentación y textil. Puestos: 80.   Más información";"Metro: Alsacia (línea 2).";"";"0";"http://www.madrid.es/sites/v/index.jsp?vgnextchannel=bfa48ab43d6bb410VgnVCM100000171f5a0aRCRD&vgnextoid=5d7f92355c51c010VgnVCM2000000c205a0aRCRD";"SAN ROMAN DEL VALLE";"CALLE";"V";"";"";"";"";"";"MADRID";"MADRID";"28037";"4";"ARCOS";"20";"SAN BLAS-CANILLEJAS";"447175";"4474858";"40.42268073354393";"-3.6227030730779854";"";"";"";"/contenido/entidadesYorganismos/Comercios/MercadillosViaPublica"
19537;"Mercadillo en la vía pública de la calle Santa Genoveva (Distrito Ciudad Lineal)";"";"Jueves y sábados, de 9 a 14 horas.";"Textil, alimentación y otros. Puestos: 68.   Más información";"Metro: La Elipa (línea 2).";"";"0";"http://www.madrid.es/sites/v/index.jsp?vgnextchannel=bfa48ab43d6bb410VgnVCM100000171f5a0aRCRD&vgnextoid=bdc092355c51c010VgnVCM2000000c205a0aRCRD";"TRECE ROSAS";"AVENIDA";"V";"";"";"";"";"";"MADRID";"MADRID";"";"";"";"";"DISTRITO";"444923";"4474395";"40.41835967826694";"-3.649210506493615";"";"";"";"/contenido/entidadesYorganismos/Comercios/MercadillosViaPublica"
19486;"Mercadillo en la vía pública de la calle Sierra Gorda (Distrito Villa de Vallecas)";"";"Martes, de 9 a 14 horas.";"Puestos: 116.   Más información";"Metro: Villa de Vallecas (línea 1).  Cercanías Renfe: Vallecas (línea C2 y C7).";"";"1";"http://www.madrid.es/sites/v/index.jsp?vgnextchannel=bfa48ab43d6bb410VgnVCM100000171f5a0aRCRD&vgnextoid=60e092355c51c010VgnVCM2000000c205a0aRCRD";"SIERRA GORDA";"CALLE";"V";"";"";"";"";"";"MADRID";"MADRID";"28031";"1";"CASCO H.VALLECAS";"18";"VILLA DE VALLECAS";"447281";"4470153";"40.38029915699548";"-3.621065929549317";"";"";"";"/contenido/entidadesYorganismos/Comercios/MercadillosViaPublica"
19550;"Mercadillo en la vía pública de la calle Villablanca (Distrito Vicálvaro)";"";"Jueves, de 8 a 14 horas.";"Alimentación, textil y otros. Puestos: 112.   Más información";"Metro: San Cipriano (línea 9).";"";"1";"http://www.madrid.es/sites/v/index.jsp?vgnextchannel=bfa48ab43d6bb410VgnVCM100000171f5a0aRCRD&vgnextoid=f28092355c51c010VgnVCM2000000c205a0aRCRD";"VILLABLANCA";"CALLE";"V";"";"";"";"";"";"MADRID";"MADRID";"28032";"1";"CASCO H.VICALVARO";"19";"VICALVARO";"448361";"4473366";"40.40931170246993";"-3.6085969353358753";"";"";"";"/contenido/entidadesYorganismos/Comercios/MercadillosViaPublica"
181296;"Mercadillo en la vía pública de la colonia Marconi (Distrito Villaverde)";"";"Domingos, de 9 a 14 horas.";"Alimentación. Puestos: 1.   Más información";"Cercanias Renfe: San Cristobal Industrial (línea C3).";"";"0";"http://www.madrid.es/sites/v/index.jsp?vgnextchannel=bfa48ab43d6bb410VgnVCM100000171f5a0aRCRD&vgnextoid=96645c2cdc41c010VgnVCM2000000c205a0aRCRD";"SAN EUSTAQUIO";"CALLE";"V";"";"";"";"";"";"MADRID";"MADRID";"28021";"1";"VILLAVERDE ALTO C.H.";"17";"VILLAVERDE";"440388";"4465664";"40.339397815793035";"-3.7018456690681725";"";"";"";"/contenido/entidadesYorganismos/Comercios/MercadillosViaPublica"
21199;"Mercadillo en la vía pública. El Rastro";"";"Todos los domingos y festivos, de 9 a 15 horas.  Ubicación del Rastro";"Puestos: 1200   Más información";"Metro: Tirso de Molina (línea 1), Embajadores (línea 3), La Latina (línea 5).  Cercanías Renfe: Embajadores (línea C5).";"Instalado en la plaza de Cascorro, entre la calle San Millán y Ribera de Curtidores y entre calle Embajadores hasta la esquina con la calle Encomienda - Ribera de Curtidores - calle Amazonas - plaza General Vara de Rey - calle Rodrigo de Guevara - calle Mira el Río Alta, entre calle Carlos Arniches y calle Bastero - calle Carnero, entre Ribera de Curtidores y calle Mira el Río Baja - callejón del Mellizo - calle Carlos Arniches - calle Mira el Río Baja - calle San Cayetano, desde número 4 hasta Ribera de Curtidores - calle Fray Ceferino González, hasta los números 9 y 10, inclusives - calle Mira el Sol, entre plaza Campillo del Nuevo Mundo y Ribera de Curtidores - Ronda de Toledo, desde Colegio Público Santa María 193 metros lineales en la acera de los impares - plaza Campillo del Mundo Nuevo - calle Ribera de Curtidores - calle Maldonadas en la acera de los impares. El Rastro en días laborables abre todos sus comercios, anticuarios y galerías, pero no sus puestos callejeros.";"1";"http://www.madrid.es/sites/v/index.jsp?vgnextchannel=bfa48ab43d6bb410VgnVCM100000171f5a0aRCRD&vgnextoid=781192355c51c010VgnVCM2000000c205a0aRCRD";"RIBERA DE CURTIDORES";"CALLE";"V";"";"";"";"";"";"MADRID";"MADRID";"28005";"2";"EMBAJADORES";"";"DISTRITO";"439998";"4473475";"40.4097323014233";"-3.7071653016167003";"";"";"";"/contenido/entidadesYorganismos/Comercios/MercadillosViaPublica"
12301182;"Mercadillos vecinales de Hortaleza. Calle Príncipe Carlos";"Mercadillo ocasional.";"Domingos, desde febrero hasta diciembre, de 9 a 16 horas, excepto meses de julio y agosto.";"Alimentación y textil. Puestos: 60.   Más información";"Consulta los siguientes enlaces";"";"0";"http://www.madrid.es/sites/v/index.jsp?vgnextchannel=bfa48ab43d6bb410VgnVCM100000171f5a0aRCRD&vgnextoid=eeca0bcdf55ed810VgnVCM2000001f4a900aRCRD";"PRINCIPE CARLOS";"CALLE";"V";"36";"";"";"";"";"MADRID";"MADRID";"28050";"6";"VALDEFUENTES";"16";"HORTALEZA";"444749";"4482498";"40.49135075229485";"-3.651967448366824";"";"";"";"/contenido/entidadesYorganismos/Comercios/MercadillosViaPublica"
12300698;"Mercado tradicional de Navidad";"";"1 a 25 de diciembre aproximadamente.";"Puestos: 104 , 1 nacimiento y caseta taller.   Más información";"Metro: Sol (líneas 1, 2, 3),  Ópera (línea 2, 5, Ramal).  Cercanías Renfe: Sol (líneas línea 1, C3, C4).";"";"1";"http://www.madrid.es/sites/v/index.jsp?vgnextchannel=bfa48ab43d6bb410VgnVCM100000171f5a0aRCRD&vgnextoid=d145f4c9594ed810VgnVCM1000001d4a900aRCRD";"MAYOR";"PLAZA";"V";"1";"";"";"";"";"MADRID";"MADRID";"28012";"6";"SOL";"1";"CENTRO";"440048";"4474064";"40.41504353587664";"-3.706628270874422";"";"";"";"/contenido/entidadesYorganismos/Comercios/MercadillosViaPublica"
